name,genre
 ...And You Will Know Us by the Trail of Dead ,Indie Rock
 .38 Special ,Classic Rock
" ""Weird Al"" Yankovic ",Novelty
 *NSync ,Pop
 101 Strings Orchestra ,Easy Listening/Vocal
 2 Chainz ,Hip-Hop/Rap
 2 Pistols ,Hip-Hop
 2NE1 ,Hip-Hop/Rap
 2Pac ,Gangsta Rap
 3 Doors Down ,Rock
 3BallMTY ,House
 3kStatic ,Electronic
 3LW ,R&B/Soul
 3OH!3 ,Alternative
 3T ,Soul
 5 Seconds Of Summer ,Pop/Rock
 50 Cent ,Hip-Hop/Rap
 5UP ,Hip-Hop/Rap
 98 Degrees ,Traditional Pop
 A Fine Frenzy ,Rock
 A Flock of Seagulls ,Rock
 A Great Big World ,Pop
 A Rocket to the Moon ,Rock
 A Thousand Horses ,Southern Rock
 a-ha ,Rock
 A.R. Rahman ,World/Reggae
 A$AP Ferg ,Rap
 A$AP Rocky ,Hip-Hop/Rap
 Aaliyah ,R&B/Soul
 Aaron & Amanda Crabb ,Country Gospel
 Aaron Carter ,Pop
 Aaron Lewis ,Contemporary Country
 Aaron Neville ,R&B/Soul
 Aaron Tippin ,Country Blues
 Aaron Watson ,Country
 Ab-Soul ,Hip-Hop/Rap
 ABBA ,Pop
 ABC ,New Wave
 Abida Parveen ,Easy Listening/Vocal
 Above & Beyond ,Dance
 Above the Law ,Hip-Hop/Rap
 Abstract Future ,Electronic
 AC Da' Perfecto ,Hip-Hop/Rap
 AC/DC ,Rock
 Ace Cannon ,Classic Rock
 Ace Hood ,Hip-Hop/Rap
 Acelya ,Pop
 Act As If ,Alternative
 Action Bronson ,Rap
 Action Item ,Pop
 ADA Band ,World/Reggae
 Adam Barta ,Pop/Rock
 Adam Fears ,Alternative Country
 Adam Lambert ,Pop
 Adam Levine ,Alternative
 Adassa ,Latino
 Adele ,Pop
 Adol ,Pop
 Adoniran Barbosa ,Latin
 Aerosmith ,Rock
 AFI ,Alternative
 Afrojack ,Dance
 After 7 ,R&B/Soul
 Afterhours ,Rock
 Against Me! ,Rock
 AGER ,Underground Rap
 Agnes Monica ,Rock
 Aiden ,Pop
 Air Supply ,Pop
 Airbourne ,Rock
 AK1200 ,Electronic/Dance
 Akon ,Hip-Hop/Rap
 Al B. Sure! ,Soul
 Al Green ,R&B/Soul
 Alabama ,Country
 Alabama Shakes ,Rock
 Alan Jackson ,Country
 Alana Davis ,Rock
 Alanis Morissette ,Pop/Rock
 Albert Phillips ,Rock
 Alberto Barros ,Latin
 Aldo Nova ,Classic Rock
 Alejandro Fernández ,Latin
 Alejandro Sanz ,World/International
 Alesana ,Hard Rock
 Alesha Dixon ,Rock
 Alessi's Ark ,Rock
 Alessia Cara ,Pop
 Alex Band ,Pop/Rock
 Alex Bueno ,Latin
 Alexz Johnson ,Singer/Songwriter
 Alice Cooper ,Rock
 Alice in Chains ,Alternative
 Alicia Keys ,R&B/Soul
 Alina Baraz ,Electronic/Dance
 Alison Krauss & Union Station ,Bluegrass
 All Saints ,R&B/Soul
 All Time Low ,Alternative
 All-4-One ,Adult Contemporary
 Allen Stone ,Soul
 Allen Thompson ,Alternative Country
 Allen Toussaint ,R&B/Soul
 Allison Moorer ,Country
 Aloe Blacc ,Soul
 Alpha Blondy ,Reggae
 Alt-J ,Indie Rock
 Alter Bridge ,Rock
 Alvin Slaughter ,Inspirational
 Aly & AJ ,Rock
 AM ,Alternative
 Ambersunshower ,R&B
 Amel Larrieux ,R&B/Soul
 America ,Rock
 Amerie ,R&B/Soul
 Amigos ,World/Reggae
 Amil ,Hip-Hop/Rap
 AminIzrael. ,Hip-Hop
 Amon Amarth ,Rock
 Amy Grant ,Christian Pop
 Amy Millan ,Alternative
 Amy Winehouse ,Soul
 Ana Gabriel ,Latin
 Anastácia ,Pop
 Anastasia ,Hip-Hop/Rap
 And Then There Were Two ,Indie Rock
 Andraé Crouch ,Inspirational
 Andrea Berg ,Pop
 Andrea Bocelli ,World/International
 Andy Bell ,Rock
 Andy Borg ,Rock
 Andy Grammer ,Pop
 Andy Griggs ,Country
 Angaleena Presley ,Country
 Angels Fall ,American Trad Rock
 Anggun ,Rock
 Angie Stone ,R&B/Soul
 Angus & Julia Stone ,Alternative Folk
 Angus Young ,Rock
 Animal Collective ,Alternative
 Anita Baker ,Soul
 Anna Ternheim ,Rock
 Anne Murray ,Country
 Anneliese van der Pol ,Pop
 Annie Lennox ,Pop
 Anthony Hamilton ,R&B/Soul
 Anti-Flag ,Rock
 Antonique Smith ,R&B/Soul
 Antonis Remos ,World/Reggae
 Anvil ,Metal
 Apache Indian ,Pop
 Aphex Twin ,Dance/Electronic
 Apocalyptica ,Modern Composition
 Aram Bedrosian ,Instrumental
 Arashi ,World/Reggae
 Arcade Fire ,Alternative
 Arcangel ,World/Reggae
 Archie Campbell ,Country
 Archive ,Rock
 Arctic Monkeys ,Alternative
 Aretha Franklin ,R&B/Soul
 Ariana Grande ,Pop
 Armin van Buuren ,Trance
 Army of Lovers ,Pop
 Arrested Development ,Hip-Hop
 Arsis ,Rock
 Art Blakey ,Jazz
 Ash Bowers ,Country
 Ashanti ,R&B/Soul
 Asher Roth ,Hip-Hop
 Ashlee Simpson ,Pop
 Ashley Clark ,Country
 Ashley Gearing ,Country
 Ashley Monroe ,Country
 Ashley Tisdale ,Pop
 Asking Alexandria ,Hard Rock
 Asleep at the Wheel ,Traditional Country
 Atmosphere ,Hip-Hop/Rap
 Aubrey Haynie ,Country
 Audioslave ,Alternative
 August Alsina ,R&B/Soul
 Augustana ,Roots Rock
 Augustin Dumay ,Jazz
 Austin Mahone ,Pop
 AVANT ,Soul
 Avenged Sevenfold ,Hard Rock
 Avery Sunshine ,R&B/Soul
 Avicii ,Dance/Electronic
 Avion Dre ,Hip-Hop
 Avril Lavigne ,Pop
 AWOLNATION ,Alternative
 AZ ,Hip-Hop/Rap
 Azealia Banks ,Rap
 B. Howard ,Pop
 B.G. ,Hip-Hop/Rap
 B.J. Thomas ,Country
 B.o.B ,Hip-Hop/Rap
 B2K ,Hip-Hop/Rap
 Baba Sehgal ,Hip-Hop
 Babes in Toyland ,Alternative
 Baby Bash ,Hip-Hop
 Babyface ,R&B/Soul
 Babyface Benji ,Hip-Hop/Rap
 Back Door Slam ,Rock
 Backstreet Boys ,Pop
 Bad Company ,Classic Rock
 Baha Men ,World/International
 Ballyhoo! ,Alternative
 Banda El Recodo ,Latin
 Banda Los Recoditos ,Latin
 Banda Ms ,Latin
 Bank Notes ,Hip-Hop/Rap
 BANKS ,Alternative
 Barbara Mandrell ,Country
 Barbra Streisand ,Pop
 Barenaked Ladies ,Adult Alternative
 Barry Gibb ,Alternative
 Barry Manilow ,Adult Contemporary
 Barry White ,Soul
 Bart Crow ,Alternative Country
 Basia Bulat ,Rock
 Bastille ,Alternative
 Bat for Lashes ,Rock
 Bavarian Radio Symphony Orchestra ,Classical
 Bay City Rollers ,Classic Rock
 Bea Miller ,Pop
 Beacon ,Electronic/Dance
 Beanie Sigel ,Hip-Hop/Rap
 Beastie Boys ,Punk
 Beck ,Alternative
 Becky G ,Pop
 Bee Gees ,Disco
 Beenie Man ,Dancehall
 Before You Exit ,Pop/Rock
 Bei Bei ,Alternative Rap
 Belanova ,Rock
 Belinda Carlisle ,Rock
 Bell Biv DeVoe ,R&B/Soul
 Belle and Sebastian ,Rock
 Ben Haenow ,Rock
 Ben Harper ,R&B/Soul
 Ben Howard ,Contemporary Singer/Songwriter
 Benjamin Booker ,Rock
 Benny Benassi ,House
 Benny Mardones ,Rock
 Beres Hammond ,Soul
 Berlin ,Pop/Rock
 Best Coast ,Indie Rock
 Beth Orton ,Rock
 Bette Midler ,Pop
 Better Than Ezra ,Rock
 Betty Hutton ,Soundtracks/Musicals
 Betty Wright ,R&B/Soul
 Between California and Summer ,Alternative
 Beyoncé ,Pop
 Biddu ,R&B
 Biffy Clyro ,Alternative
 Big Al Downing ,Rock
 big and rich ,Country
 Big Chief (Rock) ,Alternative
 Big Freedia ,Dance
 BIG K.R.I.T ,Hip-Hop
 Big Punisher ,Hip-Hop/Rap
 Big SMO ,Country
 Big Time Rush ,Pop
 BigBang ,Hip-Hop/Rap
 BigDawg Chino ,Hip-Hop/Rap
 Bilal ,Soul
 Bill & Gloria Gaither ,Inspirational
 Bill Anderson ,Traditional Country
 Bill Carlisle ,Country
 Bill Keith ,Country
 Bill Medley ,Soul
 Bill Monroe ,Country
 Bill Withers ,Soul
 Billie Holiday ,Jazz
" Billy ""Crash"" Craddock ",Country
 Billy Butler ,Dance/Electronic
 Billy Currington ,Country
 Billy Dean ,Country
 Billy Don Burns ,Country
 Billy Gilman ,Country
 Billy Grammer ,Country
 Billy Idol ,Punk
 Billy Joe Royal ,Country
 Billy Joe Shaver ,Country
 Billy Joel ,Rock
 Billy Montana ,Country
 Billy Ocean ,Rock
 Billy Paul ,Soul
 Billy Ray Cyrus ,Country
 Billy Squier ,Rock
 Billy Walker ,Country
 Bim Skala Bim ,Rock
 Biosphere ,Electronic/Dance
 Birdman ,Hip-Hop/Rap
 Birdy ,Indie Rock
 Björk ,Rock
 Black Box ,House
 Black Box Revelation ,Rock & Roll
 Black Eyed Peas ,Hip-Hop/Rap
 Black M ,Rock
 Black Rebel Motorcycle Club ,Alternative
 Black Sabbath ,Metal
 Black Stone Cherry ,Southern Rock
 Black Veil Brides ,Rock
 BLACKBEAR ,R&B/Soul
 Blackberry Smoke ,Outlaw Country
 Blackstreet ,R&B/Soul
 Blake Shelton ,Country
 Bleed the Dream ,Alternative
 Blind Fury ,Hip-Hop/Rap
 Blindside ,Rock
 blink-182 ,Rock
 Bloc Party ,Indie Rock
 Bloka Bloka Boyz ,Hip-Hop/Rap
 Blondie ,New Wave
 Bloodhound Gang ,Rock
 Blue Man Group ,Rock
 Blue Scholars ,Rock
 Blur ,Indie Rock
 Bob Dylan ,Rock
 Bob Marley ,Ska
 Bob Seger ,Rock
 Bobbie Gentry ,Country
 Bobby Bare ,Country
 Bobby Barnett ,Country
 Bobby Brown ,R&B/Soul
 Bobby Goldsboro ,Pop
 Bobby Konders & Massive Sounds ,Electronic/Dance
 Bobby Shmurda ,Hip-Hop
 Bobby Wood ,Country
 Body Count ,Hard Rock
 Bohemia ,Indian Pop
 Bohemia The Punjabi Rapper ,Hip-Hop/Rap
 Bon Iver ,Rock
 Bon Jovi ,Rock & Roll
 Bone Thugs-n-Harmony ,Hip-Hop/Rap
 Boney M ,Disco
 Bonnie Raitt ,Americana
 Bonnie Tyler ,Pop
 Boo-Yaa T.R.I.B.E. ,Hip-Hop/Rap
 Borgore ,Dance
 Born Ruffians ,Rock
 Boston ,Rock
 Bottleneck ,Alternative Country
 Bounty Killer ,Hip Hop
 Bow Wow ,Hip-Hop/Rap
 Boxcar Willie ,Country
 Boy & Bear ,Indie Rock
 Boy Kill Boy ,Alternative
 Boy Meets Girl ,Pop
 Boyce Avenue ,Rock
 Boys Like Girls ,Rock
 Boys Noize ,Electronic
 Boyz II Men ,R&B/Soul
 Boz Scaggs ,R&B/Soul
 BR5-49 ,Alternative
 Brad Paisley ,Country
 Braddy ,Hip-Hop/Rap
 Bradley Gaskin ,Country
 Brady Seals ,Country
 Braids ,Rock
 Branch and Dean ,Country
 Brand New ,Rock
 Brandi Carlile ,Singer/Songwriter
 Brandon Michael ,Pop
 Brandy ,R&B/Soul
 BRANDY CLARK ,Alternative Country
 Brantley Gilbert ,Contemporary Country
 Bratz ,Rock
 Breakfast Club ,Pop
 Breaking Benjamin ,Rock
 Breathe Carolina ,Rock
 Brenda Lee ,Country
 Brendan James ,Easy Listening/Vocal
 Brent Cobb ,Country
 Brett Dennen ,Adult Contemporary
 Brett Eldredge ,Country
 Brett Young ,Contemporary Country
 Brian Collins ,Country
 Brian Davis ,Alternative Country
 Brian Eno ,Rock
 Brian McKnight ,R&B/Soul
 Brian Nightingale ,R&B/Soul
 Brian Van Meter ,Pop/Rock
 Brian Wilson ,Rock
 Bridgit Mendler ,Pop
 Bright Eyes ,Rock
 Bring Me the Horizon ,Metal
 Britney Spears ,Pop
 Britt Nicole ,Pop
 Bro5 ,Pop/Rock
 Brolin ,Electronic
 Bronski Beat ,Alternative
 Brook Benton ,R&B/Soul
 Brooke Eden ,Contemporary Country
 Brooke Hogan ,Pop
 Brooke White ,Rock
 Brooks & Dunn ,Country
 Brothers Osborne ,Country
 Bruce Robison ,Country
 Bruce Springsteen ,Rock
 Bruno Mars ,Pop/Rock
 BRUUS ,Hip-Hop/Rap
 Bryan Ferry ,Rock
 Bryan Mayer ,Country
 Bryan White ,Country
 Brynn Marie ,Country
 Bryson Tiller ,R&B
 Bubba Sparxxx ,Country
 Buckethead ,Rock
 Bucks Fizz ,Rock
 Bucky Covington ,Country
 Buddy Guy ,Blues/Folk
 Buddy Holly ,Rock
 Buddy Miller ,Country
 Buggles ,Rock
 Bugz bacardi ,Gangsta Rap
 Buju Banton ,Reggae
 Bunny Wailer ,Reggae
 Burning Spear ,Reggae
 Burt Bacharach ,Pop
 Bury Your Dead ,Rock
 Bush ,Rock
 Busta Rhymes ,Hip-Hop/Rap
 Buster Poindexter ,R&B/Soul
 Busy Signal ,Dancehall
 Butthole Surfers ,Rock
 Bynoe ,Hip-Hop/Rap
 Ca$h Out ,Hip-Hop
 Cage (Rap) ,Hip-Hop/Rap
 Cage the Elephant ,Rock
 Caitlyn Smith ,Country
 Cake ,Rock
 Calibre 50 ,Latin
 Calle 13 ,World/Reggae
 Calvin Harris ,Pop
 Calvin Richardson ,Headbangers Ball
 Cam ,Country
 Cam'ron ,Comics and Games
 Cameo ,Soul
 Cameron The Public ,Rock
 Camila ,Latin
 Canaan Smith ,Country
 Candlebox ,Rock
 Canibus ,Hip-Hop/Rap
 Canned Heat ,Rock
 Capleton ,Reggae
 Captain Fathom ,Rock
 Carl Thomas ,Hip-Hop/Rap
 Carlos Santana ,Jazz
 Carlos y José ,Latin
 Carly Rae Jepsen ,Pop
 Carman ,Christian & Gospel
 Carole King ,Pop
 Carolina Chocolate Drops ,Blues/Folk
 Carolina Liar ,Alternative
 Carpenters ,Pop
 Carrie Smith ,Jazz
 Carrie Underwood ,Country
 Cascada ,Dance/Electronic
 Casey Donahew Band ,Country
 Casey James ,Country
 Cassadee Pope ,Country
 Cassandra Wilson ,Cool
 Cassie ,Hip-Hop
 Casting Crowns ,Christian & Gospel
 Cat Power ,Indie Rock
 Cat Stevens ,Rock
 Cattle Decapitation ,Metal
 CeCe Winans ,R&B/Soul
 Cee-Lo Green ,R&B/Soul
 Celia Cruz ,World/International
 Céline Dion ,Pop
 Celtic Woman ,World/Reggae
 Cerrito ,Country
 Chad Kroeger ,Comics and Games
 Chad Mitchell ,Blues/Folk
 Chairlift ,Rock
 Chaka Khan ,Contemporary R&B
 Chance the Rapper ,Hip-Hop/Rap
 Chanel West Coast ,West Coast Rap
 Chanté Moore ,R&B/Soul
 Charice ,Rock
 Charles Aznavour ,French
 Charles Esten ,Country
 Charley Pride ,Country
 Charli Baltimore ,Hip-Hop/Rap
 Charli XCX ,Pop
 Charlie Allen ,Country
 Charlie Daniels ,Country
 Charlie Puth ,Pop
 Charlie Robison ,Country
 Charlie Simpson ,Rock
 Charlie Walker ,Country
 Charlie Worsham ,Country
 Charlotte Church ,Pop
 Charly McClain ,Country
 Chartbusters ,Jazz
 Chase & Status ,Electronic
 Chase Bryant ,Country
 Chase Rice ,Country
 Chayanne ,World/International
 Chayshaun ,Hip-Hop
 Cheap Trick ,Rock
 Cheezy and the Crackers ,Easy Listening
 Chelsea Grin ,Metal
 Chely Wright ,Country
 Cher ,Pop
 Cher Lloyd ,Teen Pop
 Cherish ,Rock
 Cheryl Pepsii Riley ,Soul
 Chet Atkins ,Country
 Chet Faker ,Alternative
 Chicago ,Pop/Rock
 Chico DeBarge ,Pop
 Chief Keef ,Hip-Hop
 Childish Gambino ,Hip-Hop
 Chingo Bling ,Hip-Hop
 Chipmunk ,Hip-Hop
 Chonda Pierce ,Inspirational
 Chris Brown ,Pop
 Chris Cagle ,Country
 Chris Cornell ,Rock
 Chris Hicks ,Rock
 Chris Isaak ,Rock
 Chris Janson ,Country
 Chris Knight ,Country
 Chris LeDoux ,Country
 Chris Martin ,Rock
 Chris Pellnat ,Alternative Folk
 Chris Rea ,Classic Rock
 Chris Rene ,Hip-Hop
 Chris Stapleton ,Country
 Chris Tomlin ,Praise & Worship
 Chris Webby ,Hip-Hop
 Chris Young ,Contemporary Country
 Chrisette Michele ,Hip-Hop
 Christian Daniel ,Latin
 Christian Kane ,Country
 Christina Aguilera ,Pop
 Christina Milian ,R&B/Soul
 Christina Perri ,Pop/Rock
 Christine ,Pop
 Christopher Cross ,Pop
 Christopher Thomas Holt ,Contemporary Country
 Chromeo ,Electronic
 Chubby Checker ,Classic Rock
 Chuck Berry ,Rock
 Chuck Ragan ,Alternative
 Chuck Wicks ,Country
 Chvrches ,Electronica
 Ciara ,Pop
 Cimorelli ,Pop
 Cinderella ,Rock
 City Haze ,Hip-Hop/Rap
 Claire ,Alternative
 Clare Dunn ,Country
 Clarence Carter ,R&B/Soul
 Clarence Clemons ,Pop
 Claude King ,Country
 Clay Aiken ,Pop
 Clay Walker ,Country
 Clean Bandit ,Electronic
 Cledus T. Judd ,Country
 Cliff Richard ,Classic Rock
 Clinic ,Indie Rock
 Clint Black ,Country
 Clipse ,Hip-Hop/Rap
 Clive Williams ,Rock
 Club Nouveau ,R&B/Soul
 Clutch ,Rock & Roll
 Coal Chamber ,Rock
 Cobra Starship ,Alternative
 Coco Lee ,R&B/Soul
 Cocoband ,Latin
 CocoRosie ,Comics and Games
 Colbie Caillat ,Pop
 Cold ,Rock
 Cold War Kids ,Alternative
 Coldplay ,Rock
 Cole Swindell ,Country
 Collective Soul ,Rock
 Collie Buddz ,R&B
 Collin Raye ,Country
 Color Me Badd ,R&B/Soul
 Colt Ford ,Country
 Colton James ,Contemporary Country
 Common Kings ,Rock
 Con Hunley ,Traditional Country
 Conejo ,Hip-Hop/Rap
 Conjunto Primavera ,Tejano/TexMex
 Connie Francis ,Pop
 Connie Smith ,Country
 Connor Christian & Southern Gothic ,Outlaw Country
 CONOR MAYNARD ,Pop
 Converge ,Metal
 Conway Twitty ,Country
 Copeland ,Indie Rock
 Corb Lund ,Alternative Country
 Corey Smith ,Alternative Country
 Corinne Bailey Rae ,Pop
 Cory Wells ,Rock
 Counting Crows ,Rock
 Courtney Love ,Rock
 Cowboy Troy ,Country
 Craig Campbell ,Country
 Craig Morgan ,Country
 Cranium ,Metal
 Crate Logic ,Hip-Hop
 Crazy Frog ,Comedy/Spoken Word
 Crazy Town ,Rock
 Cream ,Rock
 Creed ,Rock
 Creedence Clearwater Revival ,Rock
 Crooked X ,Rock
" Crosby, Stills & Nash ",Rock
" Crosby, Stills, Nash & Young ",Rock
 Cross Canadian Ragweed ,Country
 CRU ,Hip-Hop
 Crystal Bowersox ,Americana
 Crystal Gayle ,Country
 Crystal Waters ,House
 Culture Club ,New Wave
 Curtis Braly ,Contemporary Country
 Cyndi Lauper ,Rock
 Cyndi Thomson ,Country
 Cypress Hill ,Hip-Hop/Rap
 D'Angelo ,R&B/Soul
 D12 ,Hip-Hop
 Da Blast ,Hip-Hop/Rap
 Da Brat ,Hip-Hop/Rap
 Daddy Yankee ,World/International
 Daft Punk ,Dance
 Dailey & Vincent ,Country
 Daisy Mallory ,Contemporary Country
 Dale Evans ,Country
 Daler Mehndi ,Indian
 Daley ,Neo-Soul
 Dallas Austin ,R&B
 Damien Escobar ,Hip-Hop
 Damien Jurado ,Folk-Rock
 Dan + Shay ,Country
 Dan Hill ,Pop
 Dan Seals ,Country
 Dan Tyminski ,Blues/Folk
 Daniel Powter ,Rock
 Danielle Bradbery ,Country
 Danielle Peck ,Contemporary Country
 Danity Kane ,Alternative
 Danny Brown ,Hip-Hop/Rap
 Darius Rucker ,Country
 Darren Espanto ,Pop
 Darren Hayes ,Rock
 Darryl Worley ,Country
 Daryl Hall ,Soul
 Daryle Singletary ,Country
 Dashboard Confessional ,Rock
 Daughtry ,Rock
 Dave East ,Rap
 Dave Gahan ,Rock
 Dave Navarro ,Rock
 David Adam Byrnes ,Contemporary Country
 David Allan Coe ,Country
 David Allen Mayfield ,Alternative Country
 David Archuleta ,Rock
 David Ball ,Country
 David Bisbal ,Latin
 David Bowie ,Glam Rock
 David Cook ,Pop/Rock
 David Gates ,Pop
 David Grisman ,Jazz
 David Guetta ,Electronic
 David Kersh ,Country
 David Nail ,Country
 Dazz Band ,Funk
 De La Soul ,Hip-Hop
 Dead Ringer Band ,Country
 Dean Brody ,Country
 Dean Martin ,Jazz
 Dean Miller ,Contemporary Country
 Deana Carter ,Contemporary Country
 Death Cab for Cutie ,Alternative
 Deep Purple ,Rock
 Def Leppard ,British Invasion
 Deftones ,Metal
 Deitrick Haddon ,Inspirational
 Dej Loaf ,Hip-Hop
 Delbert McClinton ,Blues/Folk
 Demi Lovato ,Pop
 Dennis Brown ,Reggae
 Deorro ,Dance
 Descendents ,Punk
 Destiny's Child ,R&B/Soul
 Dev ,Pop
 Devo ,Rock
 Devonte Riley ,R&B/Soul
 Diamond Rings ,Alternative
 Diamond Rio ,Country
 Diana Krall ,Jazz
 Diana Ross ,R&B/Soul
 Dick Dale ,Rock
 Diddy ,Hip-Hop/Rap
 Dido ,Alternative
 Die Antwoord ,Hip-Hop
 Dierks Bentley ,Country
 Dillon Hodges ,Americana
 Dima Bilan ,Rock
 Dionne Warwick ,Soul
 Diplo ,Dance
 Dir en grey ,Rock
 Dire Straits ,Rock
 Disturbed ,Metal
 Dixie Chicks ,Country
 DJ Antoine ,Electronic/Dance
 DJ Kasualmadness ,Electronic
 DJ Khaled ,Hip-Hop
 DJ Mustard ,Hip-Hop
 DJ OMIS ,Singer/Songwriter
 DJ Palash ,House
 DJ Quik ,Hip-Hop/Rap
 DJ Rap ,Dance
 DJ Screw ,Hip-Hop/Rap
 DJ Snake ,Dance
 DMT MAESTRA ,Gangsta Rap
 DMX ,Hip-Hop/Rap
 Doc Watson ,Blues/Folk
 Dolly Parton ,Country
 Don Henley ,Rock
 Don Moen ,Inspirational
 Don Omar ,Reggaeton y Hip-Hop
 Don Rich ,Country
 Don Williams ,Country
 Donna Fargo ,Country
 Donna Summer ,Disco
 Donnie McClurkin ,R&B/Soul
 Dottie West ,Country
 Doug Stone ,Country
 Dove Cameron ,Rock
 dove night ,Rock
 Dr. Dre ,Hip-Hop/Rap
 Dr. Hook ,Classic Rock
 Draaco Aventura ,Pop Latino
 Drake ,Hip-Hop/Rap
 Drake Bell ,Pop/Rock
 Dream ,Pop
 Drew Baldridge ,Country
 Dru Hill ,R&B/Soul
 Dry Cell ,Metal
 Duffy ,Rock
 Duke Ellington ,Jazz
 Duran Duran ,New Wave
 Dustin Lynch ,Country
 Dwight Yoakam ,Country
 E-40 ,Hip-Hop/Rap
 E.M.S ,Hip-Hop/Rap
 Eagles ,Rock
 Earl Hines ,Jazz
 Earl Thomas Conley ,Country
 Earl van Dyke ,R&B/Soul
" Earth, Wind & Fire ",R&B/Soul
 Easton Corbin ,Traditional Country
 Eazy-E ,Hip-Hop/Rap
 Echosmith ,Alternative
 Eclipxica ,Pop/Rock
 Ed Bruce ,Country
 Ed Roman ,Folk-Rock
 Ed Sheeran ,Singer/Songwriter
 Eddie Lee Jones And Family ,Blues/Folk
 Eddie Murphy ,Pop
 Eddie Vedder ,Alternative
 Eddy Arnold ,Country
 Edens Edge ,Country
 Edward Sharpe & the Magnetic Zeros ,Indie Rock
 El Chapo de Sinaloa ,Latin
 El DeBarge ,Pop
 Elaine Faye ,Soul
 Elbow ,Alternative
 Electric Light Orchestra ,Rock
 Electronic ,Alternative
 Elephant Man ,Hip-Hop/Rap
 Eli Young Band ,Country
 Elizabeth Cook ,Outlaw Country
 Ella Henderson ,Rock
 Elle King ,Alternative
 Ellie Goulding ,Pop
 Elmedyn ,Electronic
 Elton Britt ,Country
 Elton John ,Pop/Rock
 Elvis Costello ,Rock
 Elvis Crespo ,World/International
 Elvis Presley ,Rock
 EMA ,Rock
 Emancipator ,Electronic
 Emeli Sandé ,Pop
 Emerson Drive ,Country
 Emily West ,Country
 Eminem ,Rap
 Emmylou Harris ,Blues/Folk
 Empire Cast ,Hip-Hop
 Empire of the Sun ,Alternative
 En Vogue ,R&B/Soul
 Engelbert Humperdinck ,Jazz
 Enrique Iglesias ,Pop
 Enya ,World
 Erasure ,House
 Eric Benét ,R&B/Soul
 Eric Church ,Country
 Eric Clapton ,Blues-Rock
 Eric Heatherly ,Country
 Eric Van Houten ,Country
 Erica Campbell ,Contemporary Gospel
 Erik Dylan ,Contemporary Country
 Eros Ramazzotti ,Italian
 Erykah Badu ,R&B/Soul
 Escape the Fate ,Rock
 Espinoza Paz ,Latin
 Etta James ,R&B/Soul
 Europe ,Rock
 Evanescence ,Rock
 Eve ,Hip-Hop/Rap
 Everlast ,Singer/Songwriter
 EXILE ,Country
 Extreme ,Classic Rock
 Eyes Set to Kill ,Rock
 Fabolous ,Hip-Hop/Rap
 Faith Evans ,R&B/Soul
 Faith Hill ,Country
 Faithless ,Dance/Electronic
 Fake Club ,Rock & Roll
 Fall Out Boy ,Alternative
 Falling In Reverse ,Hard Rock
 Fantasia ,R&B/Soul
 Faron Young ,Country
 Farruko ,Reggaeton y Hip-Hop
 Fat Joe ,Hip-Hop/Rap
 Fefe Dobson ,Pop/Rock
 Feist ,Rock
 Fergie ,Electronic/Dance
 Fetty Wap ,Hip-Hop
 Fifth Harmony ,Pop
 Fiona Apple ,Pop
 First Aid Kit ,Rock
 Five Finger Death Punch ,Metal
 FKA twigs ,Electronic
 Flatt & Scruggs ,Country
 Flavor Flav ,Hip-Hop/Rap
 Fleetwood Mac ,Rock
 Fleurie ,Pop
 Flipsyde ,Hip-Hop/Rap
 Flo Rida ,Rap
 Florence + The Machine ,Alternative
 Florence Welch ,Alternative
 Florida Georgia Line ,Contemporary Country
 Floyd Cramer ,Country
 Foo Fighters ,Rock
 Force MD's ,Hip-Hop/Rap
 Foreigner ,Rock
 Fort Minor ,Hip-Hop/Rap
 Foster the People ,Rock
 Foxes ,Rock
 Foxy Brown ,Hip-Hop/Rap
 Foxy Shazam ,Rock
 Foy Vance ,Contemporary Singer/Songwriter
 frank edwards aka (richboy) ,Christian & Gospel
 Frank Ocean ,Hip-Hop/Rap
 Frank Sinatra ,Jazz
 Frank Zappa ,Rock
 Frankie Ballard ,Country
 Frankie J ,Pop
 Frankie Valli ,Pop
 Franz Ferdinand ,Rock
 Fred Hammond ,R&B/Soul
 Freddie Gibbs ,Hip-Hop
 Freddie Jackson ,Soul
 Freddie Mercury ,Rock
 Freddy Fender ,Country
 Frédéric François ,Pop
 French Montana ,Hip-Hop
 Fugees ,Hip-Hop/Rap
 Fun Lovin' Criminals ,Rock
 fun. ,Alternative
 Future ,Hip-Hop/Rap
 Futuristic ,Hip-Hop/Rap
 G-Eazy ,Hip-Hop/Rap
 G-Unit ,Hip-Hop/Rap
 G. Love & Special Sauce ,Rock
 Gabrielle Aplin ,Pop
 Gaither Vocal Band ,Inspirational
 Galantis ,Electronic
 Gang Starr ,Hip-Hop/Rap
 Garbage ,Rock
 Garou ,World/Reggae
 Gary Allan ,Country
 Gary Barlow ,Pop
 Gary Morris ,Country
 Gary Valenciano ,Pop
 Gateway Worship ,Inspirational
 Gavin DeGraw ,Singer/Songwriter
 Gene Autry ,Country
 Gene Watson ,Traditional Country
 Genesis ,Rock
 Genisis ,Underground Rap
 Genitallica ,Rock
 George Dalaras ,Jazz
 George Jones ,syndicated_group_a
 George Michael ,Pop/Rock
 George Strait ,Country
 Gigi (Ethiopian) ,World/Reggae
 Gigi D'Agostino ,Electronic/Dance
 Ginuwine ,R&B/Soul
 Giorgio Gioacchini ,Electronica
 Girls' Generation ,Rock
 Gladys Knight ,R&B/Soul
 Glasses Malone ,Hip-Hop/Rap
 Glen Campbell ,Country
 Glenn Frey ,Pop
 Gloria Estefan ,World/International
 Gloria Gaynor ,Disco
 Gloria Trevi ,World/International
 Gloriana ,Country
 Go Periscope ,Electronica
 Godsmack ,Hard Rock
 Good Charlotte ,Rock
 Gordon Lightfoot ,Blues/Folk
 Gorillaz ,Hip-Hop/Rap
 gossip ,Rock
 Grace Potter & the Nocturnals ,Rock
 Graham Nash ,Rock
 Grandmaster Caz ,Hip-Hop
 Grandpa Jones ,Country
 Granger Smith ,Country
 Grant Macdonald ,Outlaw Country
 Great White ,Blues-Rock
 Green Day ,Punk
 Green River Ordinance ,Alternative Country
 Greenhaven ,Hard Rock
 Gregg Allman ,Rock
 Gregory Abbott ,Soul
 Gregory Isaacs ,Reggae
 Gretchen Wilson ,Country
 Grimes ,Rock
 Grizzly Bear ,Rock
 Grupo Manía ,World/International
 Gucci Crew II ,Hip-Hop/Rap
 Gucci Mane ,Hip-Hop/Rap
 Guns N' Roses ,Rock
 Guy ,R&B/Soul
 GWAR ,Metal
 Gwen Sebastian ,Country
 Gwen Stefani ,Pop
 Gxx ,Dirty South
 Gyptian ,World/Reggae
 H-Town ,R&B
 Haerts ,Alternative
 Hailee Steinfeld ,Pop
 HAIM ,Rock
 Hal Ketchum ,Country
 Halestorm ,Rock
 Haley Reinhart ,Pop
 Halfway to Hazard ,Rock
 Hall & Oates ,Pop
 Halsey ,Alternative
 Hammer ,Hip-Hop/Rap
 Hank Cochran ,Country
 Hank Snow ,Country
 Hank Williams ,Country
 Hank Williams III ,Country
" Hank Williams, Jr. ",Outlaw Country
 Hannah Montana ,Rock
 Hanson ,Pop/Rock
 Hardwell ,Electronic/Dance
 Harry Connick Jr. ,Jazz
 Harry Stinson ,Country
 HAVIC dynasty ,Hip-Hop/Rap
 Hayes Carll ,Country
 Haystak ,Hip-Hop
 Haze Da Punter ,Hip-Hop
 Headlights ,Alternative
 Heart ,Rock
 Heartland (Country) ,Country
 Hearty2Raw ,Hip-Hop/Rap
 Heather Headley ,Soul
 Heavy Young Heathens ,Alternative
 Hector 'El Father' ,Latin
 Hedley ,Rock
 Heidi Feek ,Americana
 Held Hostage ,Rock
 Helen Cornelius ,Country
 Helloween ,Metal
 Herbie Hancock ,R&B/Soul
 Héroes del Silencio ,Latin
 Hey Monday ,Rock
 Hezekiah Walker ,R&B/Soul
 Highwaymen ,Country
 Hilary Duff ,Pop
 Hillsongs Austrailia ,Inspirational
 Hinder ,Rock
 Hole ,Rock
 Holly Williams ,Americana
 Hollywood Holt ,Rock
 Hollywood Undead ,Rock
 Honi Deaton ,Country
 Hoodie Allen ,Hip-Hop
 Hootie & the Blowfish ,Rock
 Hot Boys ,Hip-Hop/Rap
 Hot Chelle Rae ,Pop
 Hot Hot Heat ,Rock
 House of Pain ,Hip-Hop/Rap
 Hoyt Axton ,Country
 Hozier ,Acoustic Blues
 Huey Lewis ,Pop
 Hugh Bob and The Hustle ,Alternative Country
 Hundred Waters ,Indie Rock
 Hunter Hayes ,Country
 Hurricane Chris ,Hip-Hop
 Iamamiwhoami ,Electronic
 Ian Tyson ,Country
 Ice Cube ,Hip-Hop/Rap
 Ice Kid ,R&B/Soul
 Ice-T ,R&B/Soul
 If Birds Could Fly ,Americana
 Iggy Azalea ,Hip-Hop/Rap
 Ikimono-gakari ,World/Reggae
 Il Divo ,Easy Listening/Vocal
 Il Volo ,World/Reggae
 Imagine Dragons ,Alternative
 Imran Khan ,Folk-Rock
 In This Moment ,Rock
 India.Arie ,R&B/Soul
 Industria Del Amor ,Latin
 Ingrid Michaelson ,Contemporary Singer/Songwriter
 Inna ,Rock
 Insane Clown Posse ,Rock
 Intocable ,Tejano/TexMex
 INXS ,Rock
 iOwls ,Hip-Hop/Rap
 Irv Gotti ,Hip-Hop
 Irving Burgie ,World/Reggae
 Israel Vibration ,Reggae
 Ithamara Koorax ,Jazz
 Ivy Queen ,World/International
 Iyaz ,R&B
 Izzy Stradlin ,Classic Rock
 J-Pimp ,Hip-Hop/Rap
 J. Cole ,Hip-Hop/Rap
 Ja Rule ,Hip-Hop/Rap
 Jaae Kash ,Rap
 Jack Ingram ,Country
 Jack Johnson ,Alternative Folk
 Jack White ,Rock
 Jackie Evancho ,Rock
 Jackson Browne ,Blues/Folk
 Jackson Taylor ,Country
 Jacob Whitesides ,Singer/Songwriter
 Jacquie Lee ,Pop
 Jagged Edge ,R&B/Soul
 Jah Cure ,World/Reggae
 Jaheim ,R&B/Soul
 Jake Bugg ,Rock
 Jake Miller ,Hip-Hop/Rap
 Jake Owen ,Contemporary Country
 Jakob Dylan ,Rock
 Jam Pony Express ,Hip-Hop/Rap
 James ,Alternative
 James Bay ,Adult Alternative
 James Blake ,Electronic
 James Blunt ,Pop/Rock
 James Brown ,R&B/Soul
 James Hall (Gospel)/Worship... ,Inspirational
 James Ingram ,Soul
 James King ,Hip-Hop/Rap
 James Moody ,Jazz
 James Morrison ,Singer/Songwriter
 James Otto ,Contemporary Country
 James Wesley ,Soundtracks/Musicals
 Jamey Johnson ,Country
 Jamie Foxx ,R&B/Soul
 Jamie Lynn Spears ,Contemporary Country
 Jamie O'Neal ,Country
 Jana Kramer ,Country
 Jane Monheit ,Jazz
 Janelle Monáe ,Funk
 Janet Jackson ,R&B/Soul
 Janis Joplin ,Rock
 Jaron and The Long Road to Love ,Country
 Jason Aldean ,Country
 Jason Boland & The Stragglers ,Country
 Jason Derulo ,Pop
 Jason Isbell ,Americana
 Jason Michael Carroll ,Country
 Jason Mraz ,College Rock
 Jawga Boyz ,Country
 Jay Chou ,World/Reggae
 Jay Entendre ,Alternative Rap
 Jay Sean ,Pop
 Jay Z ,Hip-Hop/Rap
 JB and the Moonshine Band ,Alternative Country
 JD Shelburne ,Country
 Jeff Bates ,Country
 Jeff Greenleaf ,Instrumental
 Jefferson Airplane ,Rock
 Jefferson Starship ,Rock
 Jennette McCurdy ,Country
 Jenni Rivera ,Singer/Songwriter
 Jennifer Holliday ,R&B/Soul
 Jennifer Hudson ,R&B/Soul
 Jennifer Lopez ,Pop
 Jennifer Love Hewitt ,Pop
 Jennifer Nettles ,Country
 Jenny Lewis ,Country
 Jeremiah James Korfe ,Country
 Jeremih ,R&B
 Jeremy Camp ,Christian & Gospel
 Jerrod Niemann ,Country
 Jerry Clower ,Country
 Jerry Douglas ,Country
 Jerry Jeff Walker ,Country
 Jerry Lee Lewis ,Rock
 Jerry Reed ,Country
 Jerry Rivera ,World/International
 Jess Glynne ,Pop
 Jesse Colin Young ,Pop
 Jesse Keith Whitley ,Traditional Country
 Jessica Andrews ,Country
 Jessica Simpson ,Pop
 Jessie J ,Pop
 Jessie James Decker ,Country
 Jessie Ware ,Pop
 Jessta James ,Country
 Jethro Tull ,Rock
 Jewel ,Contemporary Folk
 Jill Scott ,R&B/Soul
 Jim Croce ,Pop
 Jim James ,Alternative
 Jim Lauderdale ,Country
 Jim Reeves ,Country
 Jimi Hendrix ,Rock
 Jimmy Buffett ,Classic Rock
 Jimmy Capps ,Country
 Jimmy Dean ,Country
 Jimmy Page ,Rock
 Jimmy Reed ,Blues/Folk
 Jimmy Wayne ,Country
 Jo Carol Pierce ,Country
 Jo Dee Messina ,Country
 Joan Jett ,Rock
 Joanna Newsom ,Alternative
 Job for a Cowboy ,Metal
 Jodeci ,R&B/Soul
 Joe Budden ,Alternative
 Joe Diffie ,Country
 Joe Jonas ,R&B
 Joe LoDuca ,Jazz
 Joe Nichols ,Country
 Joe Thomas ,R&B/Soul
 JoePraize ,Gospel
 Joey + Rory ,Country
 John Anderson ,Country
 John Berry ,Country
 John Cena ,Rock
 John Conlee ,Country
 John Corbett ,Country
 John Denver ,Singer/Songwriter
 John Ellison ,R&B/Soul
 John Fogerty ,Rock & Roll
 John Legend ,R&B/Soul
 John Lennon ,Rock
 John Mayer ,Rock
 John Mellencamp ,Rock & Roll
 John Michael Montgomery ,Country
 John Newman ,Electronic
 John Prine ,Pop
 John Schneider ,Country
 John Tesh ,Pop
 Johnnie Taylor ,Soul
 Johnny Cash ,Country
 Johnny Duncan ,Country
 Johnny Gill ,R&B/Soul
 Johnny Lee ,Country
 Johnny Paycheck ,Country
 Johnny Rivera ,World/International
 Johnny Rivers ,Pop
 Johnny Rodriguez ,Country
 JoJo ,Rock
 Jon B. ,Hip-Hop/Rap
 Jon Bon Jovi ,Alternative
 Jon Pardi ,Alternative Country
 Jonas Brothers ,Pop/Rock
 Jonathan Butler ,Jazz
 Jonathan Greer/Cathedral ,Inspirational
 Joni Mitchell ,Blues/Folk
 Jonny Lang ,Blues
 Jony Privat ,Electronica
 Jordan Knight ,Pop
 Jordin Sparks ,R&B
 Jose Frenchie ,West Coast Rap
 José José ,North American
 Josh Abbott Band ,Country
 Josh Bentley ,Hip-Hop
 Josh Groban ,Modern Composition
 Josh Thompson ,Country
 Josh Turner ,Country
 Joss Stone ,Soul
 Journey ,Rock
 Joy Division ,Rock
 Juan Gabriel ,World/International
 Judas Priest ,Metal
 Judy Collins ,Blues/Folk
 Juelz Santana ,Hip-Hop/Rap
 Juice Newton ,Country
 Juicy J ,Hip-Hop/Rap
 Jukebox the Ghost ,Pop/Rock
 Julian Casablancas ,Alternative
 Julian Lennon ,Indie Rock
 Julie Roberts ,Americana
 Juliette and the Licks ,Rock
 Julio Iglesias ,World/International
 Julyo ,World
 June Carter Cash ,Country
 Junior Brown ,Americana
 Justin Adams ,Contemporary Country
 Justin Bieber ,Pop
 Justin Hayward ,Alternative
 Justin Moore ,Contemporary Country
 Justin Timberlake ,Pop
 Justin Townes Earle ,Country
 K-Ci & JoJo ,R&B/Soul
 K. Michelle ,R&B/Soul
 k.d. lang ,Country
 K.T. Oslin ,Country
 Kacey Musgraves ,Country
 Kaiser Chiefs ,Rock
 Kajagoogoo ,Alternative
 Kanye West ,Hip-Hop/Rap
 KAOS777 ,Electronic
 Karen Carpenter ,Pop
 Karen Waldrup ,Country
 Karlheinz Stockhausen ,Classical
 Karmin ,Teen Pop
 Kasey Chambers ,Country
 Kasey Tyndall ,Country
 Kassidy ,Rock
 Kat Dahlia ,Rap
 Kat DeLuna ,R&B
 Kat Graham ,Pop
 Kate Bush ,Alternative
 Kate Ryan ,Dance
 Katharine McPhee ,Pop
 Kathleen Edwards ,Blues/Folk
 Kathleen Regan ,Contemporary Country
 Kathy Mattea ,Country
 Katie Melua ,Easy Listening/Vocal
 Katrina Elam ,Country
 Katy B ,Hip-Hop
 Katy Perry ,Pop
 Katzenjammer ,Rock
 Ke$ha ,Pop
 Keak da Sneak ,Hip-Hop
 Keane ,Alternative
 Kehlani ,R&B
 Keith Anderson ,Country
 Keith Emerson ,Rock
 Keith Richards ,Rock
 Keith Sweat ,R&B/Soul
 Keith Urban ,Country
 Keith Walker ,Contemporary Country
 Keith Whitley ,Country
 Keke Palmer ,R&B/Soul
 Keke Wyatt ,R&B/Soul
 Kelleigh Bannen ,Contemporary Country
 Kellie Pickler ,Country
 Kelly Clarkson ,Pop
 Kelly Price ,R&B/Soul
 Kelly Rowland ,R&B/Soul
 Kelsea Ballerini ,Contemporary Country
 Kelvyn Colt ,Hip-Hop/Rap
 Kem ,R&B/Soul
" Ken ""Professor"" Philmore ",World/Reggae
 Kendrick Lamar ,Alternative Rap
 Kenny Chesney ,Country
 Kenny G ,Jazz
 Kenny Lattimore ,R&B/Soul
 Kenny Rogers ,Country
 Keri Hilson ,Contemporary R&B
 Kevin Fowler ,Country
 Kevin Rudolf ,Pop
 Keyshia Cole ,R&B/Soul
 Kick Tree ,Punk
 Kid Cudi ,Hip-Hop/Rap
 Kid Ink ,Rap
 Kid Rock ,Rock
 Kidd Kidd ,Hip-Hop
 Kill Memory Crash ,Electronic/Dance
 Killer Mike ,Hip-Hop/Rap
 Killing Joke ,Rock
 Killswitch Engage ,Metal
 Kim Richey ,Country
 Kim Wilde ,Pop
 Kimberly Nichole ,Pop/Rock
 Kindred the Family Soul ,R&B/Soul
 King Harvest ,Pop/Rock
 King Lil G ,Hip-Hop/Rap
 King's X ,Rock
 Kip Moore ,Country
 Kirk Franklin ,R&B/Soul
 kirsten arian ,Pop
 Kiss ,Rock
 KMFDM ,Rock
 Kool Moe Dee ,Hip-Hop/Rap
 Korn ,Alternative
 Kottonmouth Kings ,Hip-Hop/Rap
 Kree Harrison ,Country
 Krewella ,Electronic
 Kris Kristofferson ,Country
 Kristen Kelly ,Country
 Kristina Train ,Rock
 KRS-One ,Hip-Hop/Rap
 Krystal Keith ,Country
 KT Tunstall ,Rock
 Kumar Sanu ,World/Reggae
 Kurt Cobain ,Alternative
 Kurt Stevens ,Contemporary Country
 Kygo ,Electronic/Dance
 Kyle Park ,Contemporary Country
 Kylie Minogue ,Pop
 Kylie Morgan ,Country
 La Adictiva Banda San José De Mesillas ,Latin
 La Bouche ,House
 La Tropa F ,Tejano/TexMex
 Lacy Cavalier ,Country
 Lady Antebellum ,Country
 Lady Gaga ,Pop
 Lalah Hathaway ,R&B
 Lalo Mora ,Latin
 Lana Del Rey ,Alternative
 Lara Fabian ,Pop
 Larry Graham ,Soul
 Larry Hernandez ,Rock
 Larry Sparks ,Country
 Lata Mangeshkar ,World/Reggae
 LaToya Jackson ,Soul
 Laura Bell Bundy ,Country
 Laura Branigan ,Pop
 Laura Pausini ,VH1 Celebrity
 Lauren Alaina ,Country
 Lauryn Hill ,Hip-Hop/Rap
 Layne Staley ,Rock
 LeAnn Rimes ,Country
 Led Zeppelin ,Rock
 Lee Ann Womack ,Americana
 Lee Brice ,Country
 Lee Greenwood ,Country
 Lee Roy Parnell ,Country
 Leela James ,Pop
 Lenny Kravitz ,Alternative
 Leona Lewis ,Rock
 Leonard Cohen ,Folk-Rock
 Level 42 ,Alternative
 Lewis Black ,Comedy/Spoken Word
 Liam Bailey ,Rock
 Lianne La Havas ,Alternative
 Lifehouse ,Pop/Rock
 Lil Boosie ,Hip-Hop
 Lil Cory ,Rap
 Lil Doneezy  ,Hip-Hop/Rap
 Lil Durk ,Hip-Hop
 Lil Jon ,Hip-Hop/Rap
 Lil Rob ,Hip-Hop/Rap
 Lil Romeo ,Hip-Hop/Rap
 Lil Swirl ,Hip-Hop/Rap
 Lil Wayne ,Hip-Hop/Rap
 Lil' Kim ,Rap
 Lila Downs ,World/International
 Lila McCann ,Country
 Lily Allen ,Pop
 Limp Bizkit ,Alternative
 Lina Fouro ,Pop
 Linda Davis ,Country
 Linda Ronstadt ,Rock
 Lindi Ortega ,Americana
 Lindsay Ell ,Country
 Lindsey Erin ,Country
 Linkin Park ,Alternative
 Lionel Hampton ,Jazz
 Lionel Richie ,Alternative
 Lira ,World/Reggae
 Liryc ,World
" Lisa ""Left Eye"" Lopes ",R&B/Soul
 Lisa Marie Johnston ,Americana
 Lisa Marie Presley ,Rock
 Lita Ford ,Rock
 Little Big Town ,Country
 Little Boots ,Electronic
 Little Feat ,Rock
 Little Mix ,K-Pop
 Little Texas ,Country
 Little Walter ,Blues/Folk
 Little Wings ,Alternative
 Live ,Rock
 Liz Phair ,Rock
 Liza Minnelli ,Adult Contemporary
 LL Cool J ,Hip-Hop/Rap
 Lloyd ,Hip-Hop/Rap
 Lloyd Green ,Country
 Lloyd Price ,Classic Rock
 LMFAO ,R&B
 LOCASH ,Contemporary Country
 London Grammar ,Electronic
 Lonestar ,Alternative Country
 Lorde ,Alternative
 Loreena McKennitt ,World/International
 Loretta Lynn ,Country
 Lorrie Morgan ,Country
 Los Bukis ,Latin
 Los De La T ,Pop Latino
 Los Horóscopos de Durango ,Latin
 Los Lobos ,Rock
 Los Lonely Boys ,Rock
 Los Pumas Del Norte ,Latin
 Los Razos ,Latin
 Los Temerarios ,World/International
 Los Terribles del Norte ,World/International
 Los Tigres del Norte ,Latin
 Los Tucanes de Tijuana ,Latin
 Lost Boyz ,Hip-Hop/Rap
 Lou Rawls ,R&B/Soul
 Loudness ,Rock
 Louise Mandrell ,Country
 Louy Fierce ,Hip-Hop/Rap
 Love and Theft ,Contemporary Country
 Loverboy ,Rock
 Lucas Hoge ,Country
 Lucero ,Alternative Country
 Luciano Pavarotti ,Pop
 Lucie Silvas ,Singer/Songwriter
 Lucinda Williams ,Alternative Country
 Lucky Dube ,Reggae
 Lucky Harmon ,Pop
 Lucy Hale ,Contemporary Country
 Ludacris ,Hip-Hop/Rap
 Luh Brandon ,Hip-Hop/Rap
 Luis Coronel ,Latin
 Luis Miguel ,World/International
 Luka Van Den Driesschen ,Lounge
 Luke Bryan ,Contemporary Country
 Lupe Fiasco ,Hip-Hop/Rap
 Luther Vandross ,R&B/Soul
 Lyfe Jennings ,Soul
 Lykke Li ,Pop/Rock
 Lyle Lovett ,Country
 Lyn Todd ,Rock
 Lynyrd Skynyrd ,Southern Rock
 M.I.A. ,Alternative
 M2thaK ,West Coast Rap
 M83 ,Alternative
 Mac Davis ,Country
 Mac Miller ,Hip-Hop/Rap
 Mack 10 ,Hip-Hop/Rap
 Macklemore ,Hip-Hop/Rap
 Macklemore & Ryan Lewis ,Hip-Hop
 Macy Gray ,Hip-Hop/Rap
 Madcon ,News
 Maddie & Tae ,Country
 Madelyn Victoria ,Country
 Madonna ,Pop
 Maggie Eckford ,Contemporary Singer/Songwriter
 Maggie Rose ,Country
 MAGIC! ,Pop/Rock
 Majid Jordan ,Electronic/Dance
 Major Lazer ,Reggae
 mako girls ,Pop
 Malú ,Latin
 Maluma ,Rock
 Maná ,Rock
 Mandy Barnett ,Traditional Country
 Mandy Moore ,Pop
 Manowar ,Metal
 Manu Chao ,Alternative
 Marc Anthony ,World/International
 Marco Antonio Solís ,World/International
 Maria Mena ,Rock
 Mariah Carey ,Pop
 Marianas Trench ,Pop/Rock
 Marie Osmond ,Country
 Marillion ,Prog-Rock/Art Rock
 Marilyn Manson ,Rock
 Marina and The Diamonds ,Indie Rock
 Mario ,R&B/Soul
 Mark Chesnutt ,Country
 Mark Murphy ,Jazz
 Mark Ronson ,Dance/Electronic
 Mark Wills ,Country
 Marky Mark ,Hip-Hop/Rap
 Maroon 5 ,Pop/Rock
 Martin Garrix ,House
 Martin Kimble ,Alternative
 Martin Solveig ,Electronic/Dance
 Martina McBride ,Country
 Marty Brown ,Traditional Country
 Marty Robbins ,Country
 Marty Stuart ,Country
 Marvin Gaye ,Anime
 Marvin Sapp ,R&B/Soul
 Mary Chapin Carpenter ,Country
 Mary J. Blige ,R&B/Soul
 Mary Lambert ,Pop
 Mary Mary ,R&B/Soul
 Mason Noise ,Contemporary R&B
 Master P ,Hip-Hop/Rap
 Mastodon ,Metal
 Mat Kearney ,Singer/Songwriter
 matchbox twenty ,Rock
 Matisyahu ,Pop/Rock
 Matt and Kim ,Rock
 Matt Mercado ,Rock
 Matt Stillwell ,Alternative Country
 MAX ,Pop/Rock
 Max Martin ,Rock
 Maxwell ,R&B/Soul
 Mayden HollyWood ,Pop/Rock
 Maynard James Keenan ,Rock
 Maze ,Movies
 Mazzy Star ,Alternative
 Mbaraka Mwinshehe & Morogoro Jazz Band ,World/International
 MC Kash ,Hip-Hop/Rap
 Meat Loaf ,Rock
 Meek Mill ,Hip-Hop
 Megadeth ,Metal
 Megha Maan ,Hip-Hop/Rap
 Meghan Linsey ,Country
 Mel Tillis ,Country
 Melanie Amaro ,R&B
 Melanie Fiona ,R&B/Soul
 Melanie Martinez ,Pop
 Melissa Etheridge ,Rock
 Melissa Montgomery ,Alternative Country
 Melody Gardot ,Rock
 Melonie Cannon ,Country
 Menudo ,Latin
 Merle Haggard ,Country
 Merle Travis ,Country
 MET G. ,Dirty South
 Metallica ,Metal
 Metro Station ,Alternative
 MGK ,Rap
 Michael Bolton ,Pop
 Michael Bublé ,Easy Listening
 Michael Jackson ,Pop
 Michael Learns to Rock ,R&B
 Michael Martin Murphey ,Country
 Michael McDonald ,Soul
 Michael Moore ,Jazz
 Michael Nesmith ,Singer/Songwriter
 Michael Ray ,Country
 Michael W. Smith ,Christian & Gospel
 Michelle Branch ,Pop
 Mick Jagger ,Rock
 Mick Jenkins ,Rap
 Mickey Gilley ,Country
 Mickey Guyton ,Country
 Midnight Oil ,Rock
 Midnight Red ,Teen Pop
 Mighty Clouds of Joy ,R&B/Soul
 Migos ,Hip-Hop/Rap
 Miguel ,R&B/Soul
 Mika ,Rock
 Mike Farris ,Rock
 Mike Ryan ,Traditional Country
 mike taylor  ,Alternative
 Mikel Knight ,Urban Cowboy
 Milan Christopher ,Traditional Pop
 Milan Diablow ,Pop
 Milano ,Hip-Hop
 Miley Cyrus ,Pop
 millennial records ,Hip-Hop
 Milli Vanilli ,Pop
 Millie Jackson ,R&B/Soul
 Mindless Behavior ,Pop
 Mindy McCready ,Country
 Ministry ,Rock
 Miracle (Rap) ,Hip-Hop
 Miranda Cosgrove ,Rock
 Miranda Lambert ,Country
 Missy Elliott ,Hip-Hop/Rap
 MisterWives ,Alternative
 MKTO ,Pop
 Mo Pitney ,Country
 Modern Talking ,Disco
 Modestep ,Dance
 Moe Bandy ,Country
 Molly Hatchet ,Classic Rock
 Monaco ,Rock
 Money Mark ,Hip-Hop
 Monica ,R&B/Soul
 Montez McCamish ,Contemporary Blues
 Montgomery Gentry ,Contemporary Country
 Moonshine Bandits ,Alternative
 Morgan Frazier ,Country
 Morgan Heritage ,Reggae
 Morris Day ,Funk
 Mother Maybelle Carter ,Country
 Motion City Soundtrack ,Rock
 Mötley Crüe ,Hard Rock
 Motörhead ,Metal
 Mountain ,Rock
 Mr Muffin ,Hip-Hop/Rap
 Mr Traffic ,Dancehall
 MrX ,Alternative
 MsBrooke Lauren ,Soul
 Mudvayne ,Rock
 Mumford & Sons ,Alternative
 Muse ,Rock
 My Bloody Valentine ,Rock
 My Chemical Romance ,Alternative
 Myke Aikens (MR AWWREADY) ,Hip-Hop
 Mystikal ,Hip-Hop/Rap
 N.W.A ,Hip-Hop/Rap
 N8than Speed ,Hip-Hop
 Nana Mouskouri ,World/Reggae
 Nanci Griffith ,Country
 Nappy Roots ,Hip-Hop/Rap
 Nas ,Hip-Hop
 Nashville Pussy ,Rock
 Nat & Alex Wolff ,Rock
 Nat King Cole ,Jazz
 Natalie Cole ,R&B/Soul
 Natalie Imbruglia ,Pop
 Natalie Merchant ,Pop
 Natas (Rap) ,Hip-Hop
 Natasha Bedingfield ,Pop
 Nate Dogg ,West Coast Rap
 Nate Ruess ,Pop
 Naughty Boy ,Pop
 Naughty by Nature ,Hip-Hop/Rap
 NAZERETH LOVE JONES ,Blues-Rock
 Ndia ,Pop
 NDMA ,IDM/Experimental
 Ne-Yo ,R&B/Soul
 Neal Coty ,Country
 Neal McCoy ,Country
 NEEDTOBREATHE ,Alternative
 Negro Success ,World/Reggae
 Neil Diamond ,Pop
 Neil Young ,Alternative
 Nelly ,Hip-Hop/Rap
 Nelly Furtado ,Pop
 Nelson ,VH1 O Music Awards
 Nena ,Pop
 Neon Trees ,Alternative
 Nervo ,House
 New Boyz ,Hip-Hop
 New Edition ,College Rock
 New Grass Revival ,Country
 New Kids on the Block ,Pop
 New Politics ,Alternative
 New Riders of the Purple Sage ,Country
 New Years Day ,Pop/Rock
 Newsboys ,Christian & Gospel
 NewSong ,Christian Pop
 Next 2 The Tracks ,Outlaw Country
 NF ,Hip-Hop/Rap
 Nick Cannon ,Hip-Hop/Rap
 Nick Carter ,Pop
 Nick Festari ,Pop
 Nickelback ,Rock
 Nicki Minaj ,Hip-Hop
 Nicky Jam ,Latin
 Nicky Romero ,House
 Nico & Vinz ,Pop
 Nicole Scherzinger ,Rock
 Nikki Lane ,Outlaw Country
 Nina Simone ,Soul
 Nine (Rap) ,Hip-Hop
 Nino Man ,Hip-Hop
 Nipsey Hussle ,Hip-Hop
 Nirvana ,Grunge
 No Doubt ,Pop
 Noah and the Whale ,Rock
 Noel Gallagher ,Alternative
 Nonpoint ,Metal
 Norah Jones ,Pop
 November kennedy ,Afro-Beat
 Nu Shooz ,Soul
 Nubetia ,Dance
 O-Town ,Pop
 OAG ,Rock
 Oasis ,Alternative
 Of Mice & Men ,Metal
 Of Monsters and Men ,Alternative
 OK Go ,Rock
 Ola Dips ,Rap
 Old Dominion ,Country
 Olivia ,Hip-Hop/Rap
 Olivia Newton-John ,Disco
 Olly Murs ,Pop
 Omarion ,R&B/Soul
 Omi ,World
 One Direction ,Pop
 One Way ,Soul
 OneRepublic ,Pop/Rock
 Onur Özsu ,Pop
 Otis Gibbs ,Country
 Otis Redding ,Soul
 Our Last Night ,Rock
 OutKast ,Hip-Hop/Rap
 Outshyne ,Country
 Owl City ,Pop
 Ozzy Osbourne ,Rock
 P Tizi ,Hip-Hop/Rap
 P!nk ,Pop
 paco doe ,Hip-Hop/Rap
 Pancho Barraza ,Latin
 Pandora ,True Life
 Panic! At the Disco ,Alternative
 Panjabi MC ,Dance
 Pantera ,Metal
 Paolo Nutini ,Pop
 Papa Roach ,Rock
 paradax ,Dancehall
 Paramore ,Alternative
 Paris Hilton ,Rock
 Parmalee ,Country
 Parokya ni Edgar ,Misc
 Passenger ,Alternative Folk
 Passion Pit ,Alternative
 Pat Benatar ,Rock
 Pat Green ,Country
 Patrick Stump ,Rock
 Patsy Cline ,Country
 Patti LaBelle ,Soul
 Patti Smith ,Rock
 Patty Griffin ,Singer/Songwriter
 Patty Loveless ,Country
 Paul Gilbert ,Rock
 Paul Hardcastle ,Alternative
 Paul McCartney ,Rock & Roll
 Paul Overstreet ,Country
 Paul Thorn ,Country
 Paulina Rubio ,Pop
 Pearl Jam ,Rock
 Pee Wee Madison ,Blues/Folk
 Peer van Mladen ,House
 Pentatonix ,Pop
 Pepe Aguilar ,Regional Mexicano
 Pepper ,Rock
 Peter Alexander ,Classical
 Peter Cetera ,Pop
 Peter Gabriel ,Rock
 Petey Joe Kush ,Hip-Hop/Rap
 Petula Clark ,Classic Rock
 Pharrell Williams ,Pop
 Phil Vassar ,Country
 Phillip Phillips ,Rock
 Phoenix ,Alternative
 Pierce the Veil ,Hardcore
 Pimp C ,Rap
 Pink Floyd ,Prog-Rock/Art Rock
 Pistol Annies ,Country
 Pitbull ,Pop/Rock
 Pitch Black (Rap) ,Hip Hop
 Pitingo ,Blues/Folk
 Plain White T's ,Rock
 Play ,Pop
 Plies ,Rap
 Porno for Pyros ,Rock
 Porno Graffitti ,Rock
 Porter Wagoner ,Country
 presidential productions ,Rap
 Pretty Ricky ,Hip-Hop/Rap
 Prince ,R&B/Soul
 Priory ,Indie Rock
 Problem OTC ,Hip-Hop/Rap
 Project Pat ,Movies
 Psy ,Pop
 Public Enemy ,Hip-Hop/Rap
 Pulp ,Alternative
 Pusha T ,Hip-Hop/Rap
 Queen ,Rock
 R. City ,Hip-Hop
 R. Kelly ,R&B/Soul
 R.E.M. ,Rock
 R5 ,Pop/Rock
 Rachel Farley ,Country
 Rachel Platten ,Pop
 Rachel Potter ,Contemporary Country
 RACING SONGS ,Country
 Radiohead ,Rock
 Radney Foster ,Country
 Rae Sremmurd ,Hip-Hop
 RaeLynn ,Contemporary Country
 Rage Against the Machine ,Rock
 Rahat Nusrat Fateh Ali Khan ,World/Reggae
 Raheem DeVaughn ,R&B/Soul
 Rainbow Kitten Surprise ,Alternative
 Ral Donner ,Classic Rock
 Rammstein ,Rock
 Ramón Ayala ,World/International
 Randy and the Bloody Lovelies ,Alternative
 Randy Edelman ,Pop
 Randy Houser ,Country
 Randy Owen ,Country
 Randy Travis ,Country
 Rapper Maddy aka KING MADDY ,Hip-Hop
 Rascal Flatts ,Country
 Rata Blanca ,Latin
 Raury ,Electronic/Dance
 Rawyals ,R&B/Soul
 Ray Charles ,Vocal Jazz
 Ray J ,Hip-Hop/Rap
 Ray LaMontagne ,Folk-Rock
 Ray Price ,Country
 Ray Stevens ,Country
 Ray Wylie Hubbard ,Country
 Real Money ,Hip-Hop/Rap
 Reba McEntire ,Contemporary Country
 Rebelution ,Alternative
 Reckless Kelly ,Country
 Red Hot Chili Peppers ,Rock
 Red Line Chemistry ,Rock
 Red Steagall ,Country
 Redman ,MADE
 Rehab ,Hip-Hop/Rap
 Reik ,Latin
 REO Speedwagon ,Rock
 Restless Heart ,Country
 Rev. James Cleveland ,Inspirational
 Reverend Dr. Morgan Babb ,Inspirational
 Revolting Cocks ,Alternative
 Rhett Akins ,Country
 Rhonda Vincent ,Country
 Rhydian ,Rock
 Ricardo Arjona ,Pop Latino
 Rich Gang ,Hip-Hop
 Richard Marx ,Adult Contemporary
 Rick Astley ,Pop
 Rick Danko ,Classic Rock
 Rick Ross ,Hip-Hop/Rap
 Ricky Martin ,World/International
 Ricky Skaggs ,Country
 Ricky Van Shelton ,Country
 Riff Raff ,Hip-Hop
 Right Said Fred ,Disco
 Rigna Folk ,Indie Rock
 Rihanna ,Pop
 Rita Ora ,Pop
 Rivermaya ,Rock
 Rixton ,Pop/Rock
 Rob Thomas ,Rock
 Robbie Williams ,Pop
 Robert DeLong ,Alternative
 Robert Earl Keen ,Blues/Folk
 Robert Francis ,Rock
 Robert Palmer ,Soul
 Robert Plant ,Rock
 Roberto Carlos ,Latin
 Roberto Tapia ,Latin
 Robin Lee Field ,Singer/Songwriter
 Robin Thicke ,R&B/Soul
 Robyn ,Pop
 Rocío Dúrcal ,Latin
 Rod Stewart ,Rock
 Rodney Atkins ,Country
 Rodney Carrington ,Comedy
 Rodney Crowell ,Americana
 Rodrigo y Gabriela ,World
 Roger Miller ,Country
 rollen stoner ,West Coast Rap
 Romeo Santos ,Latin
 Ronnie Dunn ,Contemporary Country
 Ronnie James Dio ,Rock
 Ronnie McDowell ,Country
 Ronnie Milsap ,Country
 Ronny Jordan Flow ,Hip-Hop
 Rosanne Cash ,Country
 Rosco Bandana ,Alternative Country
 Rose Falcon ,Country
 Ross Lynch ,German Pop
 Roxette ,Pop/Rock
 Roy Acuff ,Country
 Roy Clark ,Country
 Roy D. Mercer ,Country
 Roy Orbison ,Rock
 Ruben Studdard ,R&B/Soul
 Ruelle ,Electronic
 Rufnec Travv ,Hip-Hop
 Run C & W ,Country
 Run-D.M.C. ,Hip-Hop/Rap
 Rush ,Alternative
 Ruthie Collins ,Country
 Ryan Adams ,Alternative Country
 Ryan Tedder ,Pop/Rock
 Sade ,Soul
 Saint Gurmeet Ram Rahim Singh Ji Insan ,Praise & Worship
 Saint Motel ,Indie Rock
 Sal Da Vinci ,Easy Listening/Vocal
 Salt-N-Pepa ,Hip-Hop/Rap
 Sam RUBIK ,Hip-Hop/Rap
 Sammi Smith ,Country
 Sammy Arriaga ,Contemporary Country
 Sammy Hagar ,Rock
 Sammy Kershaw ,Country
 Samuel Christian ,World
 Sandi Patty ,Inspirational
 Sanek ,Hip-Hop/Rap
 Santana ,Rock
 Sara Bareilles ,Singer/Songwriter
 Sara Evans ,Country
 Sarah Blasko ,Rock
 Sarah Brightman ,Pop
 Sarah Ross ,Country
 Savage Garden ,Pop
 Sawyer Brown ,Country
 Sawyer Fredericks ,Blues/Folk
 SayWeCanFly ,Pop/Rock
 Scarface ,Hip-Hop/Rap
 Scarlett Johansson ,Lounge
 Schoolboy Q ,Rap
 Scorpions ,Rock
 Scotty McCreery ,Country
 Seal ,R&B/Soul
 Sean Gilley ,Dance
 Sean Kingston ,Hip-Hop/Rap
 Sean Paul ,Reggaeton y Hip-Hop
 Sebastian Mikael ,R&B/Soul
 Secondhand Serenade ,Alternative
 Seether ,Rock
 Selah Sue ,Movies
 Seldom Scene ,Rock
 Selena ,World/International
 Selena Gomez ,Pop
 Semino Rossi ,Easy Listening/Vocal
 Senses Fail ,Punk
 Sepultura ,Rock
 Serena Ryder ,Pop/Rock
 Set It Off ,Alternative
 Sevyn Streeter ,R&B/Soul
 Shabba Ranks ,Reggae
 Shaggy ,Reggae
 Shakin' Stevens ,Alternative
 Shakira ,World/International
 Shane Owens ,Country
 Shane Runion Band ,Pop/Rock
 Shania Twain ,Country
 Shanna Henderson ,Contemporary Country
 Shannon Brown ,Country
 Sharon Isbin ,Classical
 Shaun Cassidy ,Pop
 Shawn Mendes ,Rock
 Shawn Mullins ,Rock
 Shayne Ward ,Rock
 Shea Seger ,Pop
 SHeDAISY ,Country
 Sheila on 7 ,Rock
 Shekinah Glory Ministry ,Inspirational
 Shelby Lynne ,Americana
 Shenandoah ,Country
 Sherrié Austin ,Country
 Sheryl Crow ,Country
 Shinedown ,Rock
 SHINee ,World/Reggae
 Shirley Bassey ,Dance/Electronic
 Shooter Jennings ,Country
 Shovels & Rope ,Blues/Folk
 Shreya Ghoshal ,World/Reggae
 Sia ,Pop
 Sick Puppies ,Rock
 Sierra Hull ,Americana
 Silverchair ,Rock
 Simon & Garfunkel ,Blues/Folk
 Simple Plan ,Pop/Rock
 Simply Red ,Soul
 Sinéad O'Connor ,Rock
 Siouxsie Sioux ,Alternative
 Sisqó ,Contemporary R&B
 Sister Sledge ,Soul
 Siti Nurhaliza ,Rock
 Six Feet Under ,Rock
 Sixto Rodriguez ,Rock
 Sixx:A.M. ,Rock
 Sizzla ,Reggae
 Skillet ,Christian Rock
 Skip Ewing ,Country
 Skrillex ,Electronic
 Sleeping With Sirens ,Pop/Rock
 Slick Rick ,Hip-Hop/Rap
 Slim Thug ,Hip-Hop/Rap
 Slim Whitman ,Country
 Slipknot ,Metal
" Slow Duck Saloon, Muskogee OK ",Alternative Country
 SMASHY ,R&B/Soul
 Smoke DZA ,Hip-Hop
 Smokey Robinson ,R&B/Soul
 Smokie ,Alternative
 Snatches of Pink ,Alternative
 Snoop Dogg ,Hip-Hop/Rap
 Snow Patrol ,Rock
 SOiL ,Rock
 Sophie Ellis-Bextor ,Dance/Electronic
 Soul Asylum ,Alternative
 Soulja Boy Tell Em ,Hip-Hop
 Soundgarden ,Rock
 Spalding Rockwell ,Electronic/Dance
 Sparta ,Rock
 Spice Girls ,Pop
 Spooks ,Hip-Hop/Rap
 Squarepusher ,Electronic
 Squirm G ,Hip-Hop
 St. Vincent ,Alternative
 Starf*cker ,Rock
 Static The Prodigy ,Hip-Hop/Rap
 Steel Magnolia ,Country
 Steel Panther ,Rock
 Stefan Grossman ,Blues/Folk
 Stephanie Quayle ,Country
 Steps (Pop) ,Pop
 Steve Angello ,Electronic/Dance
 Steve Aoki ,Dance
 Steve Earle ,Folk-Rock
 Steve Forbert ,Blues/Folk
 Steve Holy ,Contemporary Country
 Steve McGrew ,Comedy/Spoken Word
 Steve Perry ,Pop
 Steve Wariner ,Country
 Steven Drakes ,R&B/Soul
 Steven Fromholz ,Country
 Steven Tyler ,Rock
 Stevie Lee Woods ,Country
 Stevie Nicks ,Rock
 Stevie Wonder ,R&B/Soul
 Sticky Fingaz ,Hip-Hop/Rap
 Sting ,Rock
 Stonewall Jackson ,Country
 Stoney LaRue ,Country
 Stray Cats ,Rock
 Striking Matches ,Country
 Stromae ,House
 Stunt Tha Boss ,Hip-Hop/Rap
 Sturgill Simpson ,Country
 Styx ,Alternative
 Sublime ,Alternative
 Sugar Ray ,Rock
 Sugarland ,Country
 Suicidal Tendencies ,Punk
 Sundy Best ,Country
 Sunny Sweeney ,Traditional Country
 Sunshine Anderson ,R&B/Soul
 Survivor ,Pop
 Susan Boyle ,Pop
 Suzy Bogguss ,Country
 Sven Apenimon ,Metal
 Swedish House Mafia ,Dance
 Swing Out Sister ,Pop
 SWV ,Hip Hop
 Sylvia ,Hip-Hop/Rap
 System of a Down ,Rock
 T-Ferg ,Hip-Hop/Rap
 T-Pain ,Hip-Hop/Rap
 T. Graham Brown ,Country
 t.A.T.u. ,Pop
 T.I. ,Hip-Hop/Rap
 Taio Cruz ,Rock
 Take 6 ,R&B/Soul
 Take That ,Pop
 Taking Back Sunday ,Rock
 Talk Talk ,Alternative
 Talking Heads ,Rock
 Tamar Braxton ,Contemporary R&B
 Tamia ,R&B/Soul
 Tammy Wynette ,Country
 Tank ,R&B/Soul
 Tanya Tucker ,Country
 Tara MacLean ,Blues/Folk
 Tarkan ,World/Reggae
 Taylor Hicks ,Rock
 Taylor Swift ,Pop
 Teairra Mari ,R&B/Soul
 Tears for Fears ,Pop
 Tech N9ne ,Hip-Hop/Rap
 Teddy Pendergrass ,R&B/Soul
 Teena Marie ,Soul
 Tegan and Sara ,Pop/Rock
 Tego Calderón ,Hip-Hop/Rap
 Tennessee Ernie Ford ,Country
 Terence Trent D'Arby ,R&B/Soul
 Terri Clark ,Country
 Terri Gibbs ,Country
 Terror Squad ,Hip-Hop/Rap
 Tesla ,Rock
 TESSA ,Pop
 Tevin Campbell ,R&B/Soul
 The 1975 ,Indie Rock
 The Academy Is... ,Rock
 The Adverts ,Rock
 The Affair ,Rock
 The All-American Rejects ,Pop
 The Amazing Rhythm Aces ,Country
 The Avett Brothers ,Rock
 The B-52's ,Rock
 The Band Perry ,Country
 The Bangles ,Rock
 The Beach Boys ,Rock
 The Beatles ,Pop
 The Beautiful South ,Alternative
 The Bellamy Brothers ,Country
 The Big F ,Rock
 The Black Crowes ,Rock
 The Black Keys ,Alternative
 The Bloody Beetroots ,Electronic
 The Breakups ,Indie Rock
 The Bros. Landreth ,Americana
 The Cadillac Three ,Outlaw Country
 The Calling ,My Super Sweet 16
 The Canton Spirituals ,Inspirational
 The Chainsmokers ,House
 The Chuck Wagon Gang ,Country
 The Civil Wars ,Alternative Folk
 The Corrs ,Pop
 The Cranberries ,Rock
 The Cult ,Rock
 The Cure ,College Rock
 The Davis Sisters (Gospel) ,Country
 The Decemberists ,Rock
 The Distillers ,Rock
 The Dogs ,Alternative
 The Doobie Brothers ,Pop
 The Doug Dillard Band ,Country
 The Eraserheads ,Rock
 The Everly Brothers ,Rock
 The Fabulous Thunderbirds ,Blues/Folk
 The Fat Boys ,Hip-Hop/Rap
 The Feeling ,Alternative
 The Flaming Lips ,Alternative
 The Forester Sisters ,Country
 The Fray ,Rock
 The Georgia Satellites ,Rock
 The Gibson Brothers ,Bluegrass
 The Glitch Mob ,Electronica
 The Grascals ,Bluegrass
 The Hidden Cameras ,Indie Rock
 The Hoppers ,Inspirational
 The Isley Brothers ,R&B/Soul
 The Jackson 5 ,R&B/Soul
 The JaneDear Girls ,Country
 The Jets ,Soul
 The Judds ,Country
 The Kendalls ,Country
 The Kentucky Headhunters ,Rock
 The Killers ,Rock
 The Knives ,Rock
 The Kuntry Boyz ,Country
 The Lacs ,Alternative Country
 The Lettermen ,Easy Listening/Vocal
 The Libertines ,Rock
 The Lonely Island ,Comedy
 The Lumineers ,Folk-Rock
 The Lynns ,Country
 The Mamas & The Papas ,Rock
 The Marshall Tucker Band ,Southern Rock
 The Mavericks ,Contemporary Country
 The Mike Lynch Band ,Pop/Rock
 The Misfits ,Rock
 The Monkees ,Rock
 The Mugshots ,Rock
 The Mullins Sisters ,Country
 The Neighbourhood ,Alternative
 The Nitty Gritty Dirt Band ,Rock
 The Notionaries ,Alternative
 The Notorious B.I.G. ,Hip-Hop
 The Oak Ridge Boys ,Country
 The Offspring ,Punk
 The Other Two ,Alternative
 The Pointer Sisters ,R&B/Soul
 The Police ,Rock
 The Postal Service ,Dance/Electronic
 The Pretenders ,Rock
 The Pretty Reckless ,Rock
 The Pussycat Dolls ,Pop
 The Ramones ,Rock
 The Rasmus ,Rock
 The Rat Pack ,Jazz
 The Ready Set ,Pop
 The Red Jumpsuit Apparatus ,Christian Rock
 The Replacements ,Alternative
 The Rolling Stones ,Rock
 The Ronettes ,R&B/Soul
 The Runaways ,Rock
 The Script ,Pop/Rock
 The Sex Pistols ,Punk
 The Smashing Pumpkins ,Alternative
 The Smiths ,Rock
 The Spill Canvas ,Rock
 The Stanley Brothers ,Country
 The Statler Brothers ,Country
 The Stone Roses ,Rock
 The Surfaris ,Surf
 The Swon Brothers ,Country
 The Temptations ,R&B/Soul
 The Thompson Brothers Band ,Country
 The Used ,Alternative
 The Vacations ,Indie Rock
 The Vamps ,Pop/Rock
 The Verve ,Rock
 The Wailers ,Reggae
 The Walkmen ,Alternative
 The Wanted ,Pop
 The Weeknd ,R&B/Soul
 The Whites ,Country
 The Who ,Alternative
 The Williams Brothers ,Inspirational
 The XX ,Indie Rock
 Theory of a Deadman ,Rock
 TheRealConfidence ,Rap
 TheRockTheDance ,House
 Third Eye Blind ,Alternative
 Thirty Seconds to Mars ,Rock
 Thom Yorke ,Rock
 Thomas Rhett  ,Contemporary Country
 Thompson Square ,Country
 Three Days Grace ,Alternative
 Three Dog Night ,American Trad Rock
 Thunder ,Classic Rock
 Tierra Cali ,Latin
 Tiësto ,Electronic
 Tiffany ,Pop
 Tim Dugger ,Country
 Tim McGraw ,Country
 Tim Wilson ,Country
 Timbaland ,Hip-Hop/Rap
 Time Jumpers ,Country
 Timeflies ,Electronic
 TimieSter ,Afro-Pop
 Tina Turner ,Pop
 Tinashe ,R&B/Soul
 Tink ,R&B
 TJ Howard ,Contemporary Country
 TLC ,R&B/Soul
 Toby Keith ,Country
 Todd Snider ,Alternative
 Tokio Hotel ,Pop/Rock
 Tom Jones ,Pop
 Tom Odell ,Alternative
 Tom Petty & The Heartbreakers ,Rock
 Tom T. Hall ,Country
 Tom Tom Club ,Pop/Rock
 Tommy B ,Hip-Hop/Rap
 Tommy Lee ,Rock
 Tommy Tee ,Hip-Hop
 Toni Braxton ,R&B/Soul
 Tony Bennett ,Standards
 Tony Ocasio ,Latino
 Tony! Toni! Toné! ,Hip Hop
 Too Short ,Hip-Hop/Rap
 Tool ,Rock
 Tori Amos ,Rock
 Tori Kelly ,Pop/Rock
 Tove Lo ,Pop
 Trace Adkins ,Country
 Tracy Byrd ,Country
 Tracy Chapman ,Rock
 Tracy Lawrence ,Country
 Train ,Pop/Rock
 Trans-Siberian Orchestra ,Rock
 Trappa Twan ,Hip-Hop/Rap
 Trapt ,Rock
 Travi$ Scott ,Hip-Hop/Rap
 Travie McCoy ,Hip-Hop
 Travis Barker ,Hip-Hop/Rap
 Travis Tritt ,Country
 Trey Songz ,R&B/Soul
 Trick Daddy ,Hip-Hop/Rap
 Trick Pony ,Country
 Trina ,Hip Hop
 Trisha Yearwood ,Country
 Trono de Mexico ,Latin
 Turnpike Troubadours ,Country
 Tweet ,R&B/Soul
 Twenty One Pilots ,Alternative
 Twista ,Hip-Hop/Rap
 Ty Dolla $ign ,Hip-Hop
 Tycho ,Ambient
 Tyga ,Hip-Hop/Rap
 Tyler Farr ,Contemporary Country
" Tyler, The Creator ",Hip-Hop/Rap
 Type O Negative ,Metal
 Tyrese ,R&B/Soul
 U2 ,Rock
 UB40 ,Reggae
 Udit Narayan ,World/Reggae
 Uncle Kracker ,Alternative Country
 Usher ,Pop
 V.V. Brown ,Rock
 Vampire Weekend ,Indie Rock
 Van Halen ,Classic Rock
 Van Morrison ,Rock
 Vance Joy ,Alternative
 Vanessa Carlton ,Pop/Rock
 Vanessa Hudgens ,Rock
 Vanessa Paradis ,Pop
 Vanilla Ice ,Hip-Hop/Rap
 Various Artists ,Hip-Hop/Rap
 Veil ,Alternative
 Vern Gosdin ,Traditional Country
 Verse Simmonds ,Contemporary R&B
 Vicente Fernández ,World/International
 Vince Gill ,Country
 Vince Neil ,Classic Rock
 Vinioci ,House
 Vonda Shepard ,R&B/Soul
 vsopilla ,Hip-Hop/Rap
 Vybz Kartel ,World/Reggae
 Waka Flocka Flame ,Rap
 Wale ,Hip-Hop
 WALK THE MOON ,Alternative
 Wallpaper. ,Pop
 Wanda Jackson ,Country
 Warpaint ,Indie Rock
 Washboard Willie ,Blues/Folk
 Waylon Jennings ,Country
 Wayne Newton ,Easy Listening/Vocal
 We Are The In Crowd ,Pop/Rock
 Webb Pierce ,Country
 Weezer ,Rock
 Wendy O. Williams ,Rock
 Wes Cook band ,Country
 Westlife ,Pop
 Wet Wet Wet ,R&B
 Wham! ,Pop
 WheeZzy 'Tha Manic' ,Rap
 Whitesnake ,Rock
 Whitney Houston ,Pop
 Will Garrett ,Country
 Will Gatz ,Hip-Hop/Rap
 Will Smith ,Hip-Hop/Rap
 Will Young ,Pop
 Will.I.Am ,Pop
 Willa Ford ,Pop
 William Fitzsimmons ,Contemporary Folk
 William Michael Morgan ,Country
 Willie Banks & The Messengers ,Inspirational
 Willie Clayton ,Soul
 Willie Nelson ,Country
 Willow Smith ,R&B
 Wilson Phillips ,Pop
 WishTheVoice ,Electronica
 Wisin Y Yandel ,Latin
 Wiz Khalifa ,Hip-Hop/Rap
 wizdom Phoenix ,R&B/Soul
 Wolfgang Petry ,Pop
 Wolfmother ,Rock
 Wreckless Eric ,Alternative
 Wu-Tang Clan ,Hip-Hop
 Wyclef Jean ,J-Pop
 Wynonna ,Country
 X Ambassadors ,Alternative
 X JAPAN ,World/Reggae
 Xae Maximum ,IDM/Experimental
 Xander Demos ,Metal
 XmafaX ,Metal
 XXAL ,Dirty South
 Yandel ,World/Reggae
 Yanni ,Pop
 yasmeen williams ,Gospel
 Yaz ,Alternative
 Years & Years ,Rock
 Yemi Alade ,Afro-Beat
 Yes ,Rock
 YG ,Hip-Hop
 Ying Yang Twins ,Hip-Hop/Rap
 Yiruma ,World/Reggae
 Ylvis ,Goth Rock
 Yo Gotti ,Hip-Hop/Rap
 Yo-Yo ,Hip-Hop/Rap
 Yolanda Adams ,R&B/Soul
 YONDON ,Hip-Hop/Rap
 YonnieMcfly ,Hip-Hop/Rap
 You Me At Six ,Rock
 Young Dro ,Hip-Hop
 Young Fresh Da Don ,Hip-Hop/Rap
 Young Jeezy ,Hip-Hop/Rap
 Young Money ,Hip-Hop
 Young Pyrex Martinez ,Hip-Hop/Rap
 Young Thug ,Hip-Hop
 Young_millz ,Gangsta Rap
 Youngblood Hawke ,Indie Rock
 Youssou N'Dour ,World/International
 Yovie & Nuno ,World/Reggae
 Yuri ,Latin
 Z-Ro ,Hip-Hop
 Zac Brown Band ,Country
 Zac Efron ,Hip-Hop/Rap
 Zack Knight ,Contemporary R&B
 Zakk Wylde ,Rock
 Zebras In Public ,Pop/Rock
 Zedd ,Electronic
 Zee Avi ,Alternative
 Zendaya ,Rock
 Ziggy Marley ,Reggae
 ZZ Top ,Rock
 ZZ Ward ,Alternative
 安室奈美恵 ,World/Reggae
 陳奕迅 ,World/Reggae
