name,city,number
Turner-McCullough,Napoli,+7-924-759-5046
Goodwin-Mayert,Salerno,+7-371-403-7029
"Okuneva, O'Kon and Heller",Avellino,+230-305-552-2245
"Upton, Stroman and Wintheiser",Benevento,+46-490-351-9736
"Pouros, Heaney and Kuhic",Caserta,+7-303-787-1056
"Champlin, Robel and Rau",Napoli,+850-992-564-1773
Zulauf LLC,Salerno,+385-510-703-8240
McClure-Cummings,Avellino,+57-153-249-5767
"Purdy, Morar and Monahan",Benevento,+595-981-940-4433
Pouros-Rice,Caserta,+86-107-496-8700
O'Keefe-Luettgen,Napoli,+51-107-983-9762
"Bednar, Koelpin and Romaguera",Salerno,+62-177-101-4792
Little LLC,Avellino,+62-160-959-7341
Metz LLC,Benevento,+27-811-300-6383
"Bins, Leannon and Hoeger",Caserta,+86-449-529-4974
Luettgen-Kuhic,Napoli,+358-719-290-1430
"Gutmann, Dach and Rutherford",Salerno,+380-746-822-9573
"Kulas, Mann and Flatley",Avellino,+31-552-845-3536
Watsica Inc,Benevento,+86-190-418-1469
"Murazik, Hills and Weimann",Caserta,+358-118-992-2530
"Murphy, Robel and Bradtke",Napoli,+58-966-905-4686
Schaden and Sons,Salerno,+52-845-941-8906
"Lockman, Lynch and Kutch",Avellino,+86-611-596-0104
Davis-Towne,Benevento,+358-420-986-3656
Rau-Watsica,Caserta,+962-309-230-4262
Grant-Spencer,Napoli,+7-425-384-0056
"Satterfield, Herman and Jerde",Salerno,+86-105-911-1784
Moen-Cruickshank,Avellino,+420-441-905-6225
Konopelski-Larkin,Benevento,+48-443-950-7017
O'Connell and Sons,Caserta,+62-984-855-3779
"Parisian, Huel and Wolf",Napoli,+1-650-846-4663
Dach Group,Salerno,+86-123-285-4355
"White, Becker and Veum",Avellino,+7-276-479-9653
Goodwin and Sons,Benevento,+86-587-518-6839
Langosh and Sons,Caserta,+48-138-382-8646
Heller-Treutel,Napoli,+86-471-922-2424
Gerhold-Marks,Salerno,+86-955-470-8065
"Ryan, Luettgen and Pfannerstill",Avellino,+92-511-838-8488
Windler-Marks,Benevento,+47-899-367-7543
Bashirian-Bergstrom,Caserta,+46-405-300-1890
